<MaterialTemplate>
	<Material name="skyplane">
		<Technique name="lod0" usage="135" lod="0"/>
		<Params>
			<var name="g_SkyHeight" type="float"/>
			<var name="g_DayTime" type="float"/>
			<var name="g_SunDirect" type="float3"/>
			<var name="g_SunColor" type="float4"/>
			<var name="g_SkyTex" type="texture"/>
			<var name="g_StarTex" type="texture"/>
		</Params>
	</Material>
	<Material name="cloudplane">
		<Technique name="lod0" usage="135" lod="0"/>
		<Params>
			<var name="g_CloudTex" type="texture"/>
			<var name="g_CloudLightTex" type="texture"/>
		</Params>
	</Material>
	<Material name="sun">
		<Technique name="lod0" usage="135" lod="0"/>
		<Params>
			<var name="g_SunTex" type="texture"/>
			<var name="g_SunColor" type="float4"/>
		</Params>
	</Material>
	<Material name="blockitem">
		<Technique name="lod0" usage="135" lod="0"/>
		<Params>
			<var name="BLEND_MODE" type="macro" default="0"/>
			<var name="USE_TEXTURE" type="macro" default="0"/>
			<var name="g_DiffuseTex" type="texture"/>
			<var name="LightDir" type="float3"/>
			<var name="GrassColor" type="float3"/>
		</Params>
	</Material>
	<Material name="blockdecal">
		<Technique name="lod0" usage="135" lod="0"/>
		<Params>
			<var name="g_DiffuseTex" type="texture"/>
		</Params>
	</Material>
	<Material name="block">
		<Technique name="lod0" usage="135" lod="0"/>
		<Technique name="shadowgen" usage="8" lod="0"/>
		<Params>
			<var name="BLEND_MODE" type="macro" default="0"/>
			<var name="DOUBLE_SIDE" type="macro" default="0"/>
			<var name="OVERLAY" type="macro" default="0"/>
			<var name="COLORMAP" type="macro" default="0"/>
			<var name="g_DiffuseTex" type="texture"/>
			<var name="g_OverlayTex" type="texture"/>
			<var name="g_ColorMapTex" type="texture"/>
		</Params>
	</Material>
	<Material name="stdmtl">
		<Technique name="lod0" usage="135" lod="0"/>
		<Technique name="shadowgen" usage="8" lod="0"/>
		<Params>
			<var name="BLEND_MODE" type="macro" default="0"/>
			<var name="DOUBLE_SIDE" type="macro" default="0"/>
			<var name="USE_SELFILLUM_TEX" type="macro" default="0"/>
			<var name="OVERLAY_MODE" type="macro" default="0"/>
			<var name="g_DiffuseTex" type="texture"/>
			<var name="g_SpecSelfTex" type="texture"/>
			<var name="g_OverlayTex" type="texture"/>
			<var name="g_OverlayUVTrans" type="float2"/>
			<var name="g_OverlayColor" type="float3"/>
			<var name="g_SpecPower" type="float" default="0.0f"/>
			<var name="g_SpecShiness" type="float" default="0.0f"/>
			<var name="g_SelfPower" type="float3" default="0.0f,0.0f,0.0f"/>
			<var name="g_TransU" type="float" default="0.0f"/>
			<var name="g_TransV" type="float" default="0.0f"/>
			<var name="g_ScaleU" type="float" default="1.0f"/>
			<var name="g_ScaleV" type="float" default="1.0f"/>
			<var name="g_RotUV" type="float" default="0.0f"/>
		</Params>
	</Material>
	<Material name="cloth">
		<Technique name="lod0" usage="135" lod="0"/>
		<Technique name="shadowgen" usage="8" lod="0"/>
		<Params>
			<var name="BLEND_MODE" type="macro" default="0"/>
			<var name="DOUBLE_SIDE" type="macro" default="0"/>
			<var name="USE_SELFILLUM_TEX" type="macro" default="0"/>
			<var name="USE_CLOTHMASK" type="macro" default="0"/>
			<var name="g_DiffuseTex" type="texture"/>
			<var name="g_SpecSelfTex" type="texture"/>
			<var name="g_ClothMask" type="texture"/>
			<var name="g_LiuGuangTex" type="texture"/>
			<var name="g_ClothParam" type="float4"/>
			<var name="g_SpecPower" type="float" default="0.0f"/>
			<var name="g_DeadScale" type="float" default="1.0f"/>
			<var name="g_SpecShiness" type="float" default="0.0f"/>
			<var name="g_SelfPower" type="float3" default="0.0f,0.0f,0.0f"/>
		</Params>
	</Material>
	<Material name="back0">
		<Technique name="lod0" usage="135" lod="0"/>
		<Params>
			<var name="BLEND_MODE" type="macro" default="0"/>
			<var name="g_DiffuseTex" type="texture"/>
			<var name="g_SpecPower" type="float" default="0.0f"/>
			<var name="g_SelfPower" type="float3" default="0.0f,0.0f,0.0f"/>
			<var name="g_TransU" type="float" default="0.0f"/>
			<var name="g_TransV" type="float" default="0.0f"/>
			<var name="g_ScaleU" type="float" default="1.0f"/>
			<var name="g_ScaleV" type="float" default="1.0f"/>
			<var name="g_RotUV" type="float" default="0.0f"/>
		</Params>
	</Material>
	<Material name="back1">
		<Technique name="lod0" usage="135" lod="0"/>
		<Params>
			<var name="g_DiffuseTex" type="texture"/>
			<var name="g_SpecPower" type="float" default="0.0f"/>
			<var name="g_SelfPower" type="float3" default="0.0f,0.0f,0.0f"/>
			<var name="g_TransU" type="float"/>
			<var name="g_TransV" type="float"/>
			<var name="g_ScaleU" type="float"/>
			<var name="g_ScaleV" type="float"/>
			<var name="g_RotUV" type="float"/>
		</Params>
	</Material>
	<Material name="border">
		<Technique name="lod0" usage="135" lod="0"/>
		<Params> 
			<var name="g_DiffuseTex" type="texture"/>
			<var name="g_SpecSelfTex" type="texture"/>
			<var name="g_SpecPower" type="float" default="0.0f"/>
			<var name="g_SpecShiness" type="float" default="0.0f"/>
			<var name="g_SelfPower" type="float3" default="0.0f,0.0f,0.0f"/>
			<var name="g_TransU" type="float"/>
			<var name="g_TransV" type="float"/>
			<var name="g_ScaleU" type="float"/>
			<var name="g_ScaleV" type="float"/>
			<var name="g_RotUV" type="float"/>
		</Params>
	</Material>
		<Material name="border1">
		<Technique name="lod0" usage="135" lod="0"/>
		<Params>
			<var name="g_DiffuseTex" type="texture"/>
			<var name="g_strength" type="float" default="2.1f"/>
			<var name="g_scale" type="float" default="0.5f"/>
			<var name="g_color" type="float3" default="1.0f,1.0f,0.0f"/>
		</Params>
	</Material>
	<Material name="overlay">
		<Technique name="lod0" usage="135" lod="0"/>
		<Params>
			<var name="BLEND_MODE" type="macro" default="0"/>
			<var name="g_DiffuseTex" type="texture"/>
		</Params>
	</Material>
	<Material name="uvanim">
		<Technique name="lod0" usage="135" lod="0"/>
		<Params>
			<var name="BLEND_MODE" type="macro" default="2"/>
			<var name="RECEIVE_LIGHTING" type="macro" default="0"/>
			<var name="RECEIVE_FOG" type="macro" default="1"/>
			<var name="USE_MASK_TEX" type="macro" default="1"/>
			<var name="g_DiffuseTex" type="texture"/>
			<var name="g_MaskTex" type="texture"/>
			<var name="g_TransU" type="float" default="0"/>
			<var name="g_TransV" type="float" default="0"/>
			<var name="g_ScaleU" type="float" default="1"/>
			<var name="g_ScaleV" type="float" default="1"/>
			<var name="g_RotUV" type="float" default="0"/>
		</Params>
	</Material>
	<Material name="uvanim_blend" transparent="true">
		<Technique name="lod0" usage="135" lod="0"/>
		<Params>
			<var name="g_DiffuseTex" type="texture"/>
			<var name="g_MaskTex" type="texture"/>
			<var name="g_TransU" type="float"/>
			<var name="g_TransV" type="float"/>
			<var name="g_ScaleU" type="float"/>
			<var name="g_ScaleV" type="float"/>
			<var name="g_RotUV" type="float"/>
    </Params>
	</Material>
	<Material name="uvanim_selfillum" transparent="true">
		<Technique name="lod0" usage="135" lod="0"/>
		<Params>
			<var name="g_DiffuseTex" type="texture"/>
			<var name="g_MaskTex" type="texture"/>
			<var name="g_TransU" type="float"/>
			<var name="g_TransV" type="float"/>
			<var name="g_ScaleU" type="float"/>
			<var name="g_ScaleV" type="float"/>
			<var name="g_RotUV" type="float"/>
		</Params>
	</Material>
	<Material name="uvanim_2layer" transparent="false">
		<Technique name="lod0" usage="135" lod="0"/>
		<Params>
			<var name="g_DiffuseTex" type="texture"/>
			<var name="g_SelfIllumTex" type="texture"/>
			<var name="g_TransU" type="float"/>
			<var name="g_TransV" type="float"/>
			<var name="g_ScaleU" type="float"/>
			<var name="g_ScaleV" type="float"/>
			<var name="g_RotUV" type="float"/>
		</Params>
	</Material>
	<Material name="particle">
		<Technique name="lod0" usage="135" lod="0"/>
		<Technique name="distort" usage="32" lod="0"/>
		<Params>
			<var name="BLEND_MODE" type="macro" default="0"/>
			<var name="MASK_TEXTURE" type="macro" default="0"/>
			<var name="DIFFUSE_SAMPLEMODE" type="macro" default="0"/>
			<var name="MASK_SAMPLEMODE" type="macro" default="1"/>
			<var name="g_DiffuseTex" type="texture"/>
			<var name="g_MaskTex" type="texture"/>
		</Params>
	</Material>
	<Material name="line" transparent="false">
		<Technique name="lod0" usage="135" lod="0"/>
		<Params>
			<var name="DEPTH_TEST" type="macro" default="0"/>
		</Params>
	</Material>
	<Material name="terrain_all">
		<Technique name="lod0" usage="135" lod="0"/>
		<Params>
			<var name="TERRAIN_LAYERS" type="macro" default="1"/>
			<var name="USE_STATICLIGHT" type="macro" default="0"/>
			<var name="g_BlendColorTex0" type="texture"/>
			<var name="g_BlendColorTex1" type="texture"/>
			<var name="g_BlendColorTex2" type="texture"/>
			<var name="g_BlendColorTex3" type="texture"/>
			<var name="g_BlendAlphaTex" type="texture"/>
			<var name="g_LightMap" type="texture"/>
			<var name="g_UVRepeat" type="float4"/>
		</Params>
	</Material>
	<Material name="terrain_colormask" transparent="true">
		<Technique name="lod0" usage="2" lod="0"/>
		<Params>
			<var name="g_ColorMaskTex" type="texture"/>
		</Params>
	</Material>
	<Material name="general_water" transparent="true">
		<Technique name="lod0" usage="2" lod="0"/>
		<Params>
			<var name="ALPHABLEND" type="macro" default="1"/>
			<var name="g_ShallowWaterDepth" type="float"/>
			<var name="g_DeepWaterColor" type="float4"/>
			<var name="g_ShallowWaterColor" type="float4"/>
			<var name="g_WaterBaseTex" type="texture"/>
			<var name="g_WaterDepthTex" type="texture"/>
			<var name="g_NumTexRepeat" type="float"/>
			<var name="g_refelcttexture" type="texture"/>
			<var name="g_refProj" type="float4x4"/>
			<var name="g_Normaltexture" type="texture"/>
			<var name="g_bumptexture" type="texture"/>      
		</Params>
	</Material>
  <Material name="water_reflect" transparent="true">
	<Technique name="lod0" usage="2" lod="0"/>
    <Params>
      <var name="g_Shallow" type="float"/>
      <var name="g_Depth" type="float"/>
      <var name="g_maxdepth" type="float"/>      
      <var name="g_DeepWaterColor" type="float4"/>
      <var name="g_ShallowWaterColor" type="float4"/>
      <var name="g_WaterBaseTex" type="texture"/>
      <var name="g_WaterDepthTex" type="texture"/>
      <var name="g_NumTexRepeat" type="float"/>
      <var name="g_refelcttexture" type="texture"/>
      <var name="g_RefractTexture" type="texture"/>
      <var name="g_refProj" type="float4x4"/>
      <var name="g_Normaltexture" type="texture"/>
      <var name="g_bumptexture" type="texture"/>
      <var name="g_fSpeed" type="float"/>
      <var name="g_fAmp" type="float"/>
      <var name="g_fAlpha" type="float"/>
    </Params>
  </Material>
	<Material name="plant" transparent="false">
		<Technique name="lod0" usage="2" lod="0"/>
		<Params>
			<var name="g_DiffuseTex" type="texture"/>
			<var name="g_PosExcursion" type="float4"/>
		</Params>
	</Material>
	<Material name="ui_element" transparent="true">
		<Technique name="lod0" usage="3" lod="0"/>
		<Params>
			<var name="BLEND_MODE" type="macro"/>
			<var name="MASK_TEXTURE" type="macro"/>
			<var name="RGB2GRAY" type="macro"/>
			<var name="g_DiffuseTex" type="texture"/>
			<var name="g_MaskTex" type="texture"/>
		</Params>
	</Material>
	<Material name="posteffect_glow"/>
	<Material name="sky_stdmtl" transparent="false">
		<Technique name="lod0" usage="135" lod="0"/>
		<Technique name="shadowgen" usage="8" lod="0"/>
		<Params>
			<var name="g_DiffuseTex" type="texture"/>
		</Params>
	</Material>
	<Material name="bloom" transparent="false">
		<Technique name="lod0" usage="135" lod="0"/>
		<Params>
			<var name="BLOOM_PASS" type="macro"/>
			<var name="BLUR_TYPE" type="macro" default="0"/>
			<var name="g_BaseTexture" type="texture"/>
			<var name="g_BlendTexture" type="texture"/>
			<var name="g_BloomTexture" type="texture"/>
			<var name="g_HighScene" type="float"/>
			<var name="g_lum" type="float"/>
			<var name="g_avSampleOffsets" type="float4x4"/>
			<var name="g_avSampleWeights" type="float4x4"/>
			<var name="g_fSampleDist" type="float"/>
			<var name="g_fSampleStrength" type="float"/>
			<var name="textureX" type="float"/>
			<var name="textureY" type="float"/>
			<var name="radiusRate" type="float"/>
			<var name="degree" type="float"/>
			<var name="gaussRate" type="float"/>
		</Params>
	</Material>
	<Material name="distort" transparent="false">
		//<Technique name="lod0" usage="135" lod="0"/>
		<Params>
			<var name="g_SceneTexture" type="texture"/>
			<var name="GRAY" type="macro" default="0"/>
			<var name="g_DistortTexture" type="texture"/>
		</Params>
	</Material>
	<Material name="decal" transparent="false">
		<Technique name="lod0" usage="135" lod="0"/>
		<Technique name="distort" usage="32" lod="0"/>
		<Params>
			<var name="BLEND_MODE" type="macro"/>
			<var name="MASK_TEXTURE" type="macro"/>
			<var name="g_DiffuseTex" type="texture"/>
			<var name="g_MaskTex" type="texture"/>
			<var name="g_DecalMatrix" type="float4x4"/>
			<var name="g_DecalMaskMatrix" type="float4x4"/>
		</Params>
	</Material>
	<Material name="footprint" transparent="false">
		<Technique name="lod0" usage="135" lod="0"/>
		<Params>
			<var name="g_DiffuseTex" type="texture"/>
		</Params>
	</Material>
	<Material name="dirdecal" transparent="false">
		<Technique name="lod0" usage="135" lod="0"/>
		<Params>
			<var name="BLEND_MODE" type="macro" default="0"/>
			<var name="g_DiffuseTex" type="texture"/>
		</Params>
	</Material>
	<Material name="beach" transparent="true">
		<Technique name="lod0" usage="135" lod="0"/>
		<Params>
			<var name="BLEND_MODE" type="macro" default="0"/>
			<var name="g_DiffuseTex" type="texture"/>
			<var name="g_MaskTex" type="texture"/>
			<var name="g_uvTrans" type="float"/>
		</Params>
	</Material>
</MaterialTemplate>
